{"cameraMode":{"drawMode":0,"name":"Shaded","section":"Shading Mode"},"sceneLighting":false,"audioPlay":false,"sceneViewState":{"m_AlwaysRefresh":false,"showFog":true,"showSkybox":false,"showFlares":true,"showImageEffects":true,"showParticleSystems":true,"showVisualEffectGraphs":true,"m_FxEnabled":true},"in2DMode":false,"pivot":{"x":-0.019550472497940065,"y":-0.003939744085073471,"z":0.011256933212280274},"rotation":{"x":-0.05141957849264145,"y":0.04604889452457428,"z":-0.0023774367291480304,"w":-0.9976243376731873},"size":0.15712985396385194,"orthographic":false}