{"cameraMode":{"drawMode":0,"name":"Shaded","section":"Shading Mode"},"sceneLighting":false,"audioPlay":false,"sceneViewState":{"m_AlwaysRefresh":false,"showFog":true,"showSkybox":false,"showFlares":true,"showImageEffects":true,"showParticleSystems":true,"showVisualEffectGraphs":true,"m_FxEnabled":true},"in2DMode":false,"pivot":{"x":3.5762786865234377e-7,"y":3.2962121963500978,"z":0.10071486234664917},"rotation":{"x":0.30608880519866946,"y":-0.4155990779399872,"z":0.150878444314003,"w":0.8430995941162109},"size":2.1143784523010256,"orthographic":false}